Loop_1_proc_U0,Loop 1,upc_loop_status1.csv
Loop_2_proc_U0,Loop 1,upc_loop_status2.csv
Loop_3_proc_U0.grp_Loop_3_proc_Pipeline_1_fu_26,Loop 1,upc_loop_status3.csv
ctr_encrypt_U0,VITIS_LOOP_21_1,seq_loop_status1.csv
ctr_encrypt_U0.grp_ctr_encrypt_Pipeline_1_fu_206,Loop 1,upc_loop_status4.csv
ctr_encrypt_U0.grp_ctr_encrypt_Pipeline_2_fu_215,Loop 1,upc_loop_status5.csv
ctr_encrypt_U0.grp_aes_encrypt_block_fu_222,VITIS_LOOP_215_1,seq_loop_status2.csv
ctr_encrypt_U0.grp_aes_encrypt_block_fu_222.grp_aes_encrypt_block_Pipeline_VITIS_LOOP_66_1_fu_208,VITIS_LOOP_66_1,upc_loop_status6.csv
ctr_encrypt_U0.grp_aes_encrypt_block_fu_222.grp_aes_encrypt_block_Pipeline_VITIS_LOOP_215_1_fu_216,VITIS_LOOP_215_1,upc_loop_status7.csv
ctr_encrypt_U0.grp_ctr_encrypt_Pipeline_VITIS_LOOP_43_1_fu_231,VITIS_LOOP_43_1,upc_loop_status8.csv
ctr_encrypt_U0.grp_ctr_encrypt_Pipeline_4_fu_238,Loop 1,upc_loop_status9.csv
