grp_ctr_encrypt_fu_118,dataflow_in_loop_loop_ctr_encrypt_U0,,status1.csv
grp_ctr_encrypt_fu_118.dataflow_in_loop_loop_ctr_encrypt_U0,entry_proc_U0,,status2.csv
grp_ctr_encrypt_fu_118.dataflow_in_loop_loop_ctr_encrypt_U0,assign_swap_endianness_U0,,status3.csv
grp_ctr_encrypt_fu_118.dataflow_in_loop_loop_ctr_encrypt_U0,ctr_compute_nonce_U0,,status4.csv
grp_ctr_encrypt_fu_118.dataflow_in_loop_loop_ctr_encrypt_U0,aes_encrypt_block_U0,,status5.csv
grp_ctr_encrypt_fu_118.dataflow_in_loop_loop_ctr_encrypt_U0,ctr_xor_block_U0,,status6.csv
grp_ctr_encrypt_fu_118.dataflow_in_loop_loop_ctr_encrypt_U0,assign_swap_endianness_1_U0,,status7.csv
,AESL_inst_pynqrypt_encrypt,,module_status1.csv
,grp_aes_generate_round_keys_fu_108,,module_status2.csv
grp_aes_generate_round_keys_fu_108,grp_aes_generate_round_keys_Pipeline_loop_aes_generate_round_keys_fu_46,,module_status3.csv
grp_aes_generate_round_keys_fu_108,grp_aes_generate_round_keys_Pipeline_VITIS_LOOP_178_1_fu_54,,module_status4.csv
,grp_ctr_encrypt_fu_118,,module_status5.csv
grp_ctr_encrypt_fu_118.dataflow_in_loop_loop_ctr_encrypt_U0.aes_encrypt_block_U0,grp_aes_encrypt_block_Pipeline_loop_aes_encrypt_block_fu_117,,module_status6.csv
